id,sample_site,numeric_result,formatted_result,result_units,latitude_degrees,longitude_degrees,sample_date,parameter,site_key,field_data_description
117470476,Bearspaw Reservoir East,8.4,8.4,pH units,51.102391,-114.28714,2025-09-22 10:35:00,pH,SUR_BP-E,
117470306,Bearspaw Reservoir Centre,8.4,8.4,pH units,51.117405,-114.292106,2025-09-22 11:06:00,pH,SUR_BP-C,
117470751,Bearspaw Reservoir West,8.3,8.3,pH units,51.14422000,-114.32239000,2025-09-22 11:42:00,pH,SUR_BP-W,
119203029,Bow River Below Bearspaw Dam,8.3,8.3,pH units,51.10040300,-114.27077400,2025-10-14 11:37:00,pH,SUR_BR-BD,
119207574,Bearspaw Reservoir East,8.3,8.3,pH units,51.102391,-114.28714,2025-10-27 10:02:00,pH,SUR_BP-E,
119207395,Bearspaw Reservoir Centre,8.3,8.3,pH units,51.117405,-114.292106,2025-10-27 10:37:00,pH,SUR_BP-C,
119207761,Bearspaw Reservoir West,8.2,8.2,pH units,51.14422000,-114.32239000,2025-10-27 11:05:00,pH,SUR_BP-W,
120482695,Bow River Below Bearspaw Dam,8.3,8.3,pH units,51.10040300,-114.27077400,2025-11-10 11:22:00,pH,SUR_BR-BD,
120488195,Bearspaw Reservoir Centre,8.2,8.2,pH units,51.117405,-114.292106,2025-11-17 09:23:00,pH,SUR_BP-C,
120488374,Bearspaw Reservoir East,8.2,8.2,pH units,51.102391,-114.28714,2025-11-17 09:45:00,pH,SUR_BP-E,
120488561,Bearspaw Reservoir West,8.2,8.2,pH units,51.14422000,-114.32239000,2025-11-17 10:46:00,pH,SUR_BP-W,
122230763,Bow River Below Bearspaw Dam,8.2,8.2,pH units,51.10040300,-114.27077400,2025-12-08 11:41:00,pH,SUR_BR-BD,
123358058,Bow River Below Bearspaw Dam,8.1,8.1,pH units,51.10040300,-114.27077400,2026-01-12 11:22:00,pH,SUR_BR-BD,
124017506,Bow River Below Bearspaw Dam,8.2,8.2,pH units,51.10040300,-114.27077400,2026-02-09 10:40:00,pH,SUR_BR-BD,
124779263,Bow River Below Bearspaw Dam,8.2,8.2,pH units,51.10040300,-114.27077400,2026-03-09 10:56:00,pH,SUR_BR-BD,
125262444,Bow River Below Bearspaw Dam,8.3,8.3,pH units,51.10040300,-114.27077400,2026-04-13 12:32:00,pH,SUR_BR-BD,
125266634,Bearspaw Reservoir East,8.2,8.2,pH units,51.102391,-114.28714,2026-04-27 10:28:00,pH,SUR_BP-E,
125266464,Bearspaw Reservoir Centre,8.3,8.3,pH units,51.117405,-114.292106,2026-04-27 11:02:00,pH,SUR_BP-C,
125266909,Bearspaw Reservoir West,8.3,8.3,pH units,51.14422000,-114.32239000,2026-04-27 11:28:00,pH,SUR_BP-W,
126108922,Bow River Below Bearspaw Dam,8.3,8.3,pH units,51.10040300,-114.27077400,2026-05-11 12:15:00,pH,SUR_BR-BD,
126114773,Bearspaw Reservoir East,8.2,8.2,pH units,51.102391,-114.28714,2026-05-25 11:27:00,pH,SUR_BP-E,
126114603,Bearspaw Reservoir Centre,8.2,8.2,pH units,51.117405,-114.292106,2026-05-25 12:12:00,pH,SUR_BP-C,
126115064,Bearspaw Reservoir West,8.2,8.2,pH units,51.14422000,-114.32239000,2026-05-25 12:45:00,pH,SUR_BP-W,
127682358,Bow River Below Bearspaw Dam,8.2,8.2,pH units,51.10040300,-114.27077400,2026-06-08 12:01:00,pH,SUR_BR-BD,
127688212,Bearspaw Reservoir East,8.2,8.2,pH units,51.102391,-114.28714,2026-06-22 11:02:00,pH,SUR_BP-E,
127688045,Bearspaw Reservoir Centre,8.2,8.2,pH units,51.117405,-114.292106,2026-06-22 12:01:00,pH,SUR_BP-C,
127688489,Bearspaw Reservoir West,8.2,8.2,pH units,51.14422000,-114.32239000,2026-06-22 12:35:00,pH,SUR_BP-W,
129078259,Bow River Below Bearspaw Dam,8.2,8.2,pH units,51.10040300,-114.27077400,2026-07-13 13:02:00,pH,SUR_BR-BD,
129085182,Bearspaw Reservoir East,8.3,8.3,pH units,51.102391,-114.28714,2026-07-27 10:20:00,pH,SUR_BP-E,
129085015,Bearspaw Reservoir Centre,8.3,8.3,pH units,51.117405,-114.292106,2026-07-27 10:52:00,pH,SUR_BP-C,
129085459,Bearspaw Reservoir West,8.3,8.3,pH units,51.14422000,-114.32239000,2026-07-27 11:30:00,pH,SUR_BP-W,
130526786,Bow River Below Bearspaw Dam,8.4,8.4,pH units,51.10040300,-114.27077400,2026-08-10 11:42:00,pH,SUR_BR-BD,
130533159,Bearspaw Reservoir East,8.3,8.3,pH units,51.102391,-114.28714,2026-08-24 09:52:00,pH,SUR_BP-E,
133167616,Bearspaw East,8.22,8.22,pH units,51.102391,-114.28714,2026-08-24 09:54:24,pH,,Discrete
133167601,Bearspaw East,8.21,8.21,pH units,51.102391,-114.28714,2026-08-24 09:55:01,pH,,Discrete
133167580,Bearspaw East,8.21,8.21,pH units,51.102391,-114.28714,2026-08-24 09:55:49,pH,,Discrete
133167565,Bearspaw East,8.2,8.20,pH units,51.102391,-114.28714,2026-08-24 09:57:00,pH,,Discrete
133167550,Bearspaw East,8.2,8.20,pH units,51.102391,-114.28714,2026-08-24 09:57:54,pH,,Discrete
133167535,Bearspaw East,8.2,8.20,pH units,51.102391,-114.28714,2026-08-24 09:59:06,pH,,Discrete
133167520,Bearspaw East,8.2,8.20,pH units,51.102391,-114.28714,2026-08-24 10:00:10,pH,,Discrete
133167505,Bearspaw East,8.2,8.20,pH units,51.102391,-114.28714,2026-08-24 10:00:50,pH,,Discrete
133167490,Bearspaw East,8.19,8.19,pH units,51.102391,-114.28714,2026-08-24 10:01:32,pH,,Discrete
133167475,Bearspaw East,8.17,8.17,pH units,51.102391,-114.28714,2026-08-24 10:02:16,pH,,Discrete
133167460,Bearspaw East,8.15,8.15,pH units,51.102391,-114.28714,2026-08-24 10:04:29,pH,,Discrete
130532992,Bearspaw Reservoir Centre,8.3,8.3,pH units,51.117405,-114.292106,2026-08-24 10:21:00,pH,SUR_BP-C,
133167430,Bearspaw Centre,8.2,8.20,pH units,51.117405,-114.292106,2026-08-24 10:21:24,pH,,Discrete
133167415,Bearspaw Centre,8.19,8.19,pH units,51.117405,-114.292106,2026-08-24 10:22:21,pH,,Discrete
133167400,Bearspaw Centre,8.18,8.18,pH units,51.117405,-114.292106,2026-08-24 10:23:19,pH,,Discrete
133167385,Bearspaw Centre,8.17,8.17,pH units,51.117405,-114.292106,2026-08-24 10:23:58,pH,,Discrete
133167370,Bearspaw Centre,8.17,8.17,pH units,51.117405,-114.292106,2026-08-24 10:24:37,pH,,Discrete
133167355,Bearspaw Centre,8.17,8.17,pH units,51.117405,-114.292106,2026-08-24 10:25:13,pH,,Discrete
133167340,Bearspaw Centre,8.16,8.16,pH units,51.117405,-114.292106,2026-08-24 10:25:49,pH,,Discrete
130533445,Bearspaw Reservoir West,8.4,8.4,pH units,51.14422000,-114.32239000,2026-08-24 10:44:00,pH,SUR_BP-W,
133167679,Bearspaw West,8.2,8.20,pH units,51.14422000,-114.32239000,2026-08-24 10:44:01,pH,,Discrete
133167664,Bearspaw West,8.21,8.21,pH units,51.14422000,-114.32239000,2026-08-24 10:45:19,pH,,Discrete
